,autoRobot.None,autoRobot.AutoRun,endgameRobot.None,endgameRobot.Parking,endgameRobot.Climbing,endgameRobot.Levitate,endgameRobot.Unknown,adjustPoints,autoOwnershipPoints,autoPoints,autoQuestRankingPoint,autoRunPoints,autoScaleOwnershipSec,autoSwitchAtZero,autoSwitchOwnershipSec,endgamePoints,faceTheBossRankingPoint,foulCount,foulPoints,rp,tba_gameData_LLL,tba_gameData_LRL,tba_gameData_RLR,tba_gameData_RRR,techFoulCount,teleopOwnershipPoints,teleopPoints,teleopScaleBoostSec,teleopScaleForceSec,teleopScaleOwnershipSec,teleopSwitchBoostSec,teleopSwitchForceSec,teleopSwitchOwnershipSec,totalPoints,vaultBoostPlayed,vaultBoostTotal,vaultForcePlayed,vaultForceTotal,vaultLevitatePlayed,vaultLevitateTotal,vaultPoints,rank
frc1011,0,9,2,3,1,3,0,0.0,14.06105034039451,19.529942897199227,0.4180778420604283,5.468892556804717,-0.2809525958492045,0.533905680386069,7.311477766046462,14.597110731445476,-0.011226602187247803,0.20506529860044298,-4.404002817170382,1.1058268399368407,0.015325329822232992,0.2695549927810492,0.043650324322329834,0.004802686407721468,0.02804040022970214,103.29163953132041,137.47925348739722,3.5519984413620245,2.394787556820058,34.52108862863591,3.602186722940157,3.073751530686132,61.61636573838231,152.63413940449297,0.8193002390453037,1.6127996641174396,1.0002960374841794,1.2943423783911419,0.8024006415275384,1.0109586024176855,19.59050322463134,5
frc1138,1,8,1,4,3,1,0,0.0,2.540134998698636,6.025925889972379,0.009494363281646195,3.4857908912737443,-0.023728352639691613,0.04306262845657014,1.29379585198901,16.342279899057026,-0.02068278516907357,-0.30797610181824453,15.112364675793959,0.11038714973347502,0.05496784322273472,0.1651124733760133,0.30136971511617655,-0.1881166983815913,0.0670820674337877,54.038487680569105,74.20572809726336,-0.006401656102374975,0.6649805711163643,-0.15473833259514969,0.33670443023335683,-0.18196648220327338,53.86292323903328,95.35503990737564,-0.22359476994577365,-0.025422652031199422,0.10251419205008155,0.0020716367713152217,0.8912182781676163,0.7883431187873268,3.8249605176372152,48
frc1165,1,8,1,7,0,1,0,0.0,-0.17381638123487397,4.281160167153297,0.08362879428938114,4.454976548388171,-0.42486609306964496,0.12242817313581998,0.3379579024522076,7.726013365900993,-0.06652839423117396,0.829412623732088,2.875388661575442,0.13689393624120025,-0.00017871122276174115,0.13364400858485126,-0.07884933630615884,0.27871737227740284,0.0997898529667065,44.89311208625324,58.44151834395858,-1.0492552848328502,1.430709158047273,13.08320680069639,0.4769435677635604,0.15658449866366164,32.382217002626135,65.60185262066894,-0.42301485689040147,-0.12293294568084605,0.3428676251287585,0.361868777793409,0.8154912353674142,0.9255427462483099,5.822392891804364,45
frc1492,0,9,0,7,0,2,0,0.0,1.4615835057256334,5.146033101185681,0.11904970310022278,3.6844495954600442,-0.009582610543383729,0.10171283194778227,0.7403743634062003,15.594845555332965,-0.06495497116652953,0.6338001237296813,-8.885536102258255,0.7426167445871736,0.21822186126424745,-0.0740640420349072,0.37295106350596813,-0.18377554940197524,0.14434640304976515,85.39480019329079,118.84469259245247,0.8928384097124357,3.088865159613741,33.89745582861998,5.177124771111707,3.615617842398691,45.427381183846656,115.09463881044931,1.0591841435986653,1.2310777181756876,0.9531509244392704,0.8167107307683346,1.5805156224234498,1.5232209198217252,17.855046843828735,14
frc1828,6,3,8,0,0,1,0,0.0,-2.5264996220056033,0.13057411941785269,-0.327486008431701,2.6570737414234546,-0.046855767140244864,-0.202140187987583,-1.2163940438625567,-1.893527535027296,0.00020993050514432274,-0.46995134687059614,9.57081145914854,-0.1458724173241691,-0.02773529898123387,0.10692553002950511,0.11432310366863861,0.13981999861642375,-0.049866991764723034,33.444363789644314,30.09031088969905,-0.4138803555873679,-0.8940668391969171,3.109105123782042,1.9063132374178575,-1.8759544157422658,28.842825784031778,39.806407647203216,-0.1254395831274083,0.14421676713523934,-0.3555973150210503,-0.2532450650701476,-0.8647862664674706,-0.18307677504868403,-1.4605253649179588,54
frc1836,0,9,0,2,2,5,0,0.0,17.469702665278753,23.014768140573207,0.5523744394701647,5.545065475294457,0.1835210693071313,0.7422150395328233,8.551330263332243,23.380618561664576,0.16115882948527283,-0.07711510311374031,21.933327217177357,0.8794152653345806,0.1929388001755974,-0.12324964373612837,0.2818981939141819,-0.0182540170203178,0.1486492757276835,63.17134325591471,100.71254763442104,1.0253756467980835,2.1909762327572504,-1.5562400750362375,2.496426542471114,1.1949503218044502,61.205781141681726,145.66711731979194,0.5288228324261526,0.6817577249098778,0.5193816775492404,0.8246081562733526,1.4245168538669921,1.3257512821851236,14.160585816841767,9
frc2073,6,3,5,2,0,2,0,0.0,4.603081973141669,4.774657111924023,-0.4737155749546357,0.17157513878235509,0.44072886767881064,0.19298611606620697,1.8608121188920235,-4.520539154425598,-0.10499055280582714,0.04692243782917034,8.610561285350665,-0.13499089329396693,-0.09633867483425146,-0.011649863128322932,0.07493245899293255,0.36638941230297567,-0.060776495570574976,76.15252960541743,77.261073553655,-0.28181178256030287,1.016782310622462,11.098085566405201,4.8140921699497,-0.845728396786296,60.52216365162283,90.66857708566195,0.2471943883025139,0.1866303192093252,0.2199811945731182,0.1915502098084837,0.33261551216003304,0.74763609151482,5.629083102663143,31
frc2122,0,9,0,5,0,4,0,0.0,15.353849365100459,20.186474200495155,0.4355617758548921,4.832624835394701,3.685870468292423,0.32763563423709674,3.9910542142578067,23.853362599784326,0.1317860491457496,-0.21523747001915122,3.6679791435553115,1.7962028593744268,-0.05757151740548673,-0.05604062078390709,-0.08448768296519898,0.5314331544879263,-0.007722403283915241,128.92679059739385,166.04749877957948,4.085914199061859,0.08741014432480437,68.94615776843294,4.007792608893662,1.0863170940194395,51.88692602100536,189.9115169930136,0.9879376784827951,1.2339049505723738,0.2846377842977375,0.13317952495194135,1.4314506617625269,1.2863846409559403,13.267345582401278,2
frc2135,1,8,2,6,1,0,0,0.0,1.109948809573242,5.9498749868463765,-0.023268563964765426,4.8399261772731315,-0.46784549000594433,0.028201288428127524,1.0228198947925653,20.623696353550628,0.10336920292585208,0.04436331551062005,2.7200692629055587,0.26806790040334216,0.1197113956038342,-0.0951321783890445,0.11110594435491672,0.19764817176362698,-0.06753702712737664,53.50283563078858,91.05364855263178,1.3537291996292153,3.0593918810184055,0.9439166069951579,2.093751537417838,3.7657688836716603,49.111438286746356,99.73946660480755,0.649438038301022,0.8277984381213712,0.9590458137488654,1.2794945028746962,1.3759822844737166,1.2781303726624464,16.92711656829257,42
frc2375,2,7,2,4,0,3,0,0.0,-0.7280756017374513,4.834168310898841,0.08512566137947845,5.562243912636291,-0.07455875979635829,0.01895080569614864,-0.2894790410723669,15.70964996826456,0.05671204939419677,-0.2035478286647117,5.6369548719987215,0.9386709362629113,-0.19251881253168474,0.02548363083447873,0.07975359982264851,0.42061491520789096,-0.07197867516533624,45.284038825502144,74.20413587483279,0.6854092997445131,0.7131414755095764,14.085477457743941,0.4762160897817518,2.4165419970331943,30.03693597823195,84.6860370459368,0.6567003188202435,0.849531598503556,0.47379509912697415,1.0327292346616352,0.5308373167237119,0.7598285830480292,13.210447081066114,21
frc2403,1,8,2,4,2,1,0,0.0,3.2151449308375377,8.635842818586896,0.28617952976331845,5.420697887749359,0.19917307894712213,0.2857855297031841,1.408399386471647,9.83101407387309,-0.006248554318694234,0.15354506386177214,-0.08197569334017685,0.9090542390804777,0.1763089740548291,-0.12585194911097256,0.14955050560302813,0.13332580278644876,-0.07307887614553313,62.690712655073696,82.22251925342663,2.5412813950061013,-0.7218084407248785,17.40147426251308,3.695211859140182,2.0056254968828293,39.052745138414345,90.77475246982132,0.8277800072870454,0.6653810145919624,0.4161209490179556,0.7640611381473027,0.6881241635595736,0.5107163521567112,9.700792524479885,29
frc2437,2,7,4,0,0,4,1,0.0,0.9617241173700948,4.51426913651288,-0.05110282565598542,3.5525450191427863,-0.1492727956128569,-0.0013509392752291752,0.6301348542979041,5.377050191573636,-0.036740510285285376,0.37352375073703914,-1.0602274547383135,-0.06089323313557854,0.18131688851475056,0.031004054104573728,-0.04760706155857404,0.16861945227258315,-0.00824327197390474,22.092425781330306,26.89070186080971,0.06728370785207555,-0.4553752277433413,-4.551926342956632,1.3137435410240332,0.11256716192097518,25.263324875410838,30.33208779046233,-0.12490233131563834,-0.0421263044468055,-0.2772800400593485,-0.43304964114602623,-0.024589326667217803,0.35942112317398883,-0.5787741120942167,46
frc2478,1,8,0,6,1,2,0,0.0,4.0267768393684635,9.014386803915674,0.4081935935262371,4.987609964547209,0.34612148327366143,0.44290641512072493,1.6672669364105706,20.24634649236389,0.028971528996454755,0.3085171500923184,11.468326779915552,0.9895115358124797,0.03901082718280372,0.00042072411889952643,0.22534016738707757,0.06856161464455263,0.16374984555277344,67.6205046736014,98.22251362059464,1.2868495892681486,-0.5551101718286446,16.494529369205083,1.8899763253645487,-0.45481500441066885,47.94914938976365,118.72610691792283,0.7338731717342413,0.8348722539808165,-0.2645657820729577,-0.13471175295263993,1.559770885340869,1.3709719898976889,10.355662454629325,6
frc2486,0,9,1,3,2,3,0,0.0,15.096839447051096,21.16390154492418,0.6269497262107857,6.067062097873089,0.7303486546042888,0.6258229592178917,6.818071068921258,9.68800840619784,-0.0465286709463808,0.2434847216930256,14.421795098615554,1.649257202247801,0.07056085130046441,0.07939921758661551,0.21476692716754803,-0.031393662721294374,0.16576132807117056,94.51522772555792,113.58034798199697,4.331562067746557,-0.4780753603201848,59.8410592066768,-0.23421355120544568,-0.9064936780756764,30.576820002339996,149.15498550257087,0.638869942276306,0.8043732848189219,0.05968402693295316,0.09963955051724666,0.5628265625777248,0.9714095347120655,9.37711185024117,3
frc254,0,9,0,2,7,0,0,0.0,20.304731566979754,25.756507667807345,0.37961182361312007,5.451776100827591,6.229922128008894,0.3506982009462147,3.9224436554809805,47.303087604582345,0.7143421214581739,-0.2830393575162936,-0.08770761256429749,2.460912357476095,0.3555790510297848,0.06319337582532975,-0.19476993654175512,0.10933084301997395,-0.5011758613574189,147.33647997174182,206.80045135341248,4.839838226224479,0.05275853321279256,93.68728212508015,2.4184402688995927,0.05404535819299405,46.390919351537626,232.3602644513314,1.2276199119396434,1.0679279296197692,0.012394192119799058,0.18800152409697252,1.4286135353397174,1.1762473017009067,12.160883777088241,1
frc2637,0,9,2,4,0,2,1,0.0,5.817207986366734,10.509392664063647,0.3088680164218109,4.692184677696914,0.19468230600945666,0.4267282159562933,2.7139216871739102,7.343299865769062,0.005842587205059927,-0.02625103574360508,-2.612579098255266,1.0334487577058682,0.11747102612051993,0.08338527967026482,-0.0432393353978522,0.17571636294040088,0.1977957915258861,87.15231461297539,98.15765868912005,2.1407310982501353,-0.8009699439265259,31.438836776162695,1.0979913938968593,-0.2753242762177339,52.47475534466572,106.05756323523968,0.3874729500062845,0.3734231044245644,-0.1531838792384831,-0.034941671756287984,0.39498121433033984,0.3939274094068449,3.6620442103756057,16
frc2840,0,9,1,4,1,3,0,0.0,1.9159217574157763,6.520169244920578,0.12079263689917002,4.604247487504803,0.16998225036124903,0.09063012485263104,0.7879786283466388,12.36351004386113,-0.013649997263188607,0.4104523524219649,10.01212434273291,0.22687409818473114,-0.05851608734724073,-0.07716344472321095,0.4916169632511567,-0.022604097847371912,0.23885886198850848,30.587175379645718,51.47220447002769,-0.6423962930081041,0.763575715937354,10.556135213270007,0.7177317481854495,0.486905747969172,19.95570471119836,68.0140599488855,0.6061718344316649,0.5785182634008634,0.14988585431921783,0.2590138422986936,0.6964010360015706,0.866771703604607,8.52151904652082,22
frc3009,0,9,1,3,0,5,0,0.0,-3.13461396090171,0.7686803461624794,-0.15164224229824924,3.9032943070641872,-0.09617434636969524,-0.20555161542164718,-1.4711326340811588,14.47066404684104,0.02959377413595017,-0.034268496794202685,-3.368570882636604,-0.3079993366719728,0.4861985884038445,-0.029263916350801746,-0.11494795369371764,-0.008653385025992055,1.131858557881389,47.7244535276141,79.18903810857861,1.8244054812909898,4.074677400365003,4.089955305915642,3.288513318342387,1.886926319569163,38.52157942206509,76.59213271649907,0.8536848320830497,0.9906419747205053,1.0285299846984857,1.1964177095072341,0.6659064197691229,1.2117244225969557,16.993920534123482,58
frc3019,3,6,3,2,2,2,0,0.0,1.9722136087156334,4.640859383969145,0.0603710880492708,2.6686457752535087,0.04114186268234568,0.11206166137495485,0.9449649416754713,14.278491597538835,0.0037055259672929813,0.7277466374782586,8.717553554703427,0.06566347598947711,-0.0007927411741829732,-0.1056816990961548,0.32895087305636683,0.11085690054730417,0.786999535657674,60.78301414703278,80.42871155009635,0.06612798484871318,-0.9607433785106859,6.84584145777189,2.9872720258800287,-0.5819420979254032,50.88377267853213,93.80594999793058,0.3323605980790154,0.21693952068081485,0.019070122803796587,0.09825785642955556,0.7508097737897648,0.7582437839945739,5.367205805524724,34
frc3187,3,6,1,5,3,0,0,0.0,-4.647183323848393,-0.7904101069798352,-0.24799827685441284,3.8567732168685565,-0.06060470308304713,-0.3314321867546641,-2.2629869588411493,11.949410738808773,0.011508902365216261,-0.09373904461885542,13.433840929494396,0.3018180756769875,0.07537676637063209,0.11336454868012905,-0.13778162966750152,0.2823736479500732,0.0901395266848826,31.578707828534792,43.40700470082011,-1.1793779546472098,-0.2218902383789223,-1.5336139690971038,1.732077627120584,0.33783718959185605,32.55962212515852,56.0394310072609,-0.05257934131519849,-0.06760763741482448,-0.12282346266139685,-0.279037149754903,0.22718025595699606,0.3224220138650327,-0.12111386652347234,39
frc3250,1,8,1,5,0,3,0,0.0,6.247086316415844,9.715596238979538,0.1446784868110867,3.4685099225636926,0.7416272882664345,0.37138336955148005,2.3819158699414884,12.327382145276086,-0.04598874194064071,0.04072363640131135,10.680235386167574,0.30832032268106624,-0.03609041536767908,-0.04577878988388391,0.16577755630130495,0.24942498228359142,0.11094163379171723,60.953841022384026,80.30276818850038,-1.6117581686165439,0.3427761435963077,22.989435363159075,-2.105103208704458,-0.7967005931528238,41.681267036546,100.68930501440167,-0.17986397112873048,-0.05675596879006607,-0.10536362950942013,-0.039487332385798345,1.5984108973111772,1.5005523053439151,7.021545020840258,37
frc3309,3,6,1,4,3,1,0,0.0,3.7780262444124184,7.800508140720514,0.1304797222433673,4.0224818963080935,0.024771101412931595,0.19973115676854175,1.8642420207932773,20.682915788180402,0.27950160092084747,0.6618933777648475,16.610768463338395,0.5765139347909768,-0.12088842715010097,0.0597257047687121,0.25612423696097447,0.13837181875374713,0.7723574500636223,44.770777193947595,72.58253797930571,1.7373255489921786,-0.28613753896699395,17.776901956897465,1.1151216304266178,1.444016391425652,24.141428057631295,96.99472707289193,0.5177607953167949,0.2506373054038785,0.004217165725660388,0.15169269362374715,0.4902151659831676,1.02343900040793,7.128844997177777,26
frc3501,2,7,0,8,0,1,0,0.0,0.11843869721185363,5.290597131842226,0.1322036650185542,5.172158434630374,-0.17922243990850162,0.045702965154412016,0.23844178851442865,19.139349481287017,-0.025618637096945743,-0.0467700028213959,6.637451394059742,1.2291439369829555,0.22058181031048232,-0.01346425121821894,0.1929937090140593,-0.0667779347729893,0.351063586109677,97.90046812073521,130.84298405276837,4.6853154929905605,0.059440389353077785,50.69854499992367,2.0526556571820676,-1.5252083391373585,40.46395197063889,142.75563862384445,1.3243173191743038,1.2314808731285947,0.10434750602015551,0.017414013870272985,1.7999142380783364,1.5117384031503545,13.803166450746106,15
frc3577,0,9,1,3,4,1,0,0.0,1.424471023058781,6.690532642613665,0.17988960047652353,5.266061619554885,0.5755244610082058,0.16010005271669883,0.1367110505211848,13.434179240803223,0.02510675101099881,0.0010969874028173981,-1.2386264406178427,0.334058284769846,0.13034099484115194,-0.03825363849366588,0.004279603770077189,0.23696637321577008,0.30127535680283835,60.6083886440566,73.4743629276674,-0.6731732027866806,-2.18147606167243,22.759808694965802,0.947203932556399,1.4880029964407036,37.57454921932108,78.92561837991929,-0.2304786641719722,-0.3709932005339929,-0.2530998599909852,-0.03465847603069888,0.061765123069064815,0.29201068512621,-0.5682049571924082,38
frc3785,1,8,0,3,4,2,0,0.0,1.2127234337952595,5.804925081384672,0.07252916450910914,4.592201647589411,-0.26899186294298194,0.10713116783188202,0.8753535798406118,21.512805428054065,-0.004390916054488958,0.1425529746623394,-1.1087769761338109,-0.3823025579854187,0.06582649490690062,0.08868671396457219,0.17649131807913448,0.002328806382725951,0.34760010106400424,0.7724216985806791,31.111013420103664,-0.2938409036576227,1.2651989727571595,-15.726664252469124,0.5671531682110336,2.48559215979747,16.225773686496396,35.83324360857503,0.4090042636298057,0.2220714601710616,0.8084182968980494,0.6154131106550904,0.9927051943821017,0.9276726878676325,8.825786293468925,57
frc3853,1,8,0,3,5,1,0,0.0,-0.10274035503619727,5.023826432414803,0.17939742363274175,5.126566787451001,-1.2401759471416758,0.1568059486787318,1.1888057696235772,30.591113885456117,0.03718047784142274,0.20715199903688356,-1.942239234401178,0.4744685228555796,0.3028375032723101,0.024243273560601464,0.11325954325794363,-0.10700698675752122,0.5165135020154565,37.892683014450434,78.73926569516703,2.1091695926318357,1.3442072440655883,17.70857096247166,-1.4000565022584641,0.2764106980794846,19.47499896160541,81.84071536269265,0.7551997552978238,0.7096740190857194,0.29059308684221835,0.1343088073052495,1.1952271864199744,1.2071109326611285,10.25546879526049,11
frc3925,2,7,3,4,0,2,0,0.0,0.26534417551645684,4.876468306084557,0.0650787538607585,4.611124130568101,-0.5141824224147626,0.2204648352539561,0.6468545101729912,3.859070097826945,-0.010859584115402596,0.5985631792281715,-0.48162522568244803,0.18993281659740263,0.07147876912521774,-0.05640023462233533,0.16030131883757737,0.15795347999287349,0.291605386506321,1.7608699798134744,13.761642734188374,1.5969910419199989,1.684564237248609,-3.6159992734955884,0.23278879317094586,1.819969989370496,3.5470894182181327,18.15788438207855,1.0657024651471318,0.9113070421585889,0.43817645207684985,0.2678367740318366,0.1052853369038117,0.44919671511915993,8.14170265654793,36
frc4146,1,8,3,3,1,2,0,0.0,8.0279199503575,13.133598041318312,0.38522630751802345,5.105678090960809,-0.07528728933891113,0.558142718946854,4.089247264517661,13.496845988187866,0.0038374971815253248,0.33933734702243595,16.96864804523667,0.8393193326413022,0.03961770657969496,0.08526730630505748,0.09068037023698525,0.11776795021159576,0.5561820391512592,65.72187048740044,85.30340950725777,2.626327306223887,0.12288654894351597,21.040143762741007,1.063115627488289,1.4798221408718653,40.99228379094725,115.40869356474597,0.6607063315020085,0.4406837113256178,0.18458456824122982,0.2988042713292988,0.570024884811362,0.4774506236789788,6.08469303166948,41
frc4153,3,6,5,3,0,1,0,0.0,-1.4051232355621477,1.2170860987461753,0.04767316900525197,2.6222093343083226,-0.12809705740178975,-0.0732493692838531,-0.574464560379284,1.2439584959807028,-0.05726568699480824,0.7313790672847607,2.452308188207927,-0.13851434341166977,-0.07866891475306155,0.03748410624331444,0.23903314370572384,0.13548499813735632,-0.05737782493439078,44.228274425500345,45.50959317977001,-0.5217344628661399,0.7924697217613905,11.038466503209568,0.5517504058309255,1.1832564582816525,33.15979197932599,49.18304444093887,-0.5190629556712412,-0.19767371469152833,0.17407934632043598,0.10811953271637022,0.18787384930316864,0.09702623363295138,0.03736025828896672,59
frc4183,0,9,1,7,0,1,0,0.0,13.198345890708552,17.909150105983365,0.5142968696885125,4.710804215274815,0.5608644948642512,0.6120760594242491,6.038308450490025,15.055417602518153,0.005225927675344577,0.05325047926814902,11.372108265034054,1.1896885198675187,-0.08814038569549408,-0.16321628738303334,0.3168788770526406,0.26781112935921964,0.5793423290943686,84.79298148185046,106.89938990587596,-0.07852752797120455,-0.8838311172140426,30.071337249338463,3.402361399022494,-0.5607940397707147,51.3978103614607,136.17391331817473,0.23887751568540666,0.30275461269534437,-0.125197148927095,-0.03335646059691401,1.3110770656721926,1.1408000122030428,7.050990821507366,7
frc4415,0,9,0,7,2,0,0,0.0,1.5669232426973072,5.903302424653896,0.23775224948099055,4.336379181956591,-0.3320579937041418,0.15700940907874655,1.1155196150527953,15.303167835194895,-0.009898350056253218,-0.17977727955211442,30.09665739342463,0.7429541498427219,0.4184628845464462,0.019646257203221662,0.04408104304377698,-0.14885685146011113,0.08193812237809003,43.41063629641003,70.22855444734662,3.302909630582655,0.4820385986198611,18.515089729908293,-0.15615191884135646,1.3372092916936418,21.74878885476045,106.23909067748028,0.8581019713395914,0.9622544436157974,0.6886853908500832,0.7415537660768046,0.5029930208831312,0.5991418534557351,11.514750315741686,28
frc4565,0,9,0,2,6,1,0,0.0,7.826460203991867,12.40933896632277,0.27465456372307234,4.582878762330903,1.1460862954103552,0.48399537476921034,2.767143806585579,26.241590161062398,-0.004090010541142566,0.1625509892754407,19.437671021148798,0.7126144515739885,-0.12356093372441107,0.1928752296127032,0.2943940634349823,-0.030375025989941386,0.7149855126697522,83.30102271391809,122.95023122194348,0.7729698543747401,2.6389199390711653,33.71261205027682,1.3362018893727736,1.3760251247341588,47.479238919893724,154.68653707003347,0.6845212944303315,0.8472037276933853,0.5248737871546161,0.60521922411182,0.8351121905961352,1.2291007175874014,13.407618346963027,18
frc4603,1,8,3,1,0,5,0,0.0,1.7134722341558817,6.014441359877054,0.1316866512938793,4.300969125721168,0.43377985810701936,0.11830504752251732,0.4229562589709217,14.411067956695,0.1252871454855541,0.08024941924171003,26.768282690403286,0.5781617029576134,-0.029192291839758217,0.03767124591935461,0.17696658181721933,0.14788779743651764,-0.3293115222657175,67.73569552910925,92.88189123427776,1.1877156619004678,0.6110366608341082,15.314261725317124,1.5072218663309702,0.503079833098318,49.7264962755607,125.68932621112624,0.6669552766930393,0.9485976173753536,0.21275719718430008,0.2349240001627159,1.1367232417116107,0.9635039321566299,10.735127748473504,13
frc498,2,7,0,7,0,2,0,0.0,0.2077677751350565,3.6388957694663393,0.1417520824792868,3.431127994331283,0.02556717538981368,0.13551861535213783,0.07831671217771441,18.66962914043075,-0.02858096260879397,0.5129902032198908,-1.9231892718600654,0.4299977590398336,0.03024218026288436,0.15280057640390055,-0.2692804953648753,0.41957107203142374,0.08635107752048715,54.51095454074303,87.74384150955335,1.8825802334567603,3.5919496692245505,9.873714185285813,2.0217920140038106,-0.974212361585107,40.732868107996666,89.44759301391417,0.8697854743371229,0.7713904256444992,0.5584839793164651,0.7334484784565535,1.3386982641041505,1.407812661574861,14.563257828379566,33
frc5059,1,8,5,0,0,4,0,0.0,3.410228076849592,5.953317676679847,0.04029545435871785,2.5430895998302545,0.36355478885380976,0.10602825040130451,1.341559249570986,15.819508710767948,0.02943643937975281,0.09445172593992016,0.36908250471121695,0.21110212266259853,0.03271243821403315,0.14452518965199884,0.18259176113783573,-0.02649605567053462,0.9696522577956703,33.04182489577669,54.91295428908888,-1.176655783412428,0.892695176093768,-4.542582393166053,1.0803774901734864,3.743718079985343,37.68068558218167,61.218971948637645,-0.15184335887852465,0.0965258048291837,0.3177825241861654,0.613672010994726,0.5493011287855952,0.5001263206849408,6.051620682544253,40
frc5539,0,9,1,3,1,4,0,0.0,2.016725054026696,7.173541604697223,0.08807412033367273,5.156816550670526,-0.5419598840261077,0.14287239426624743,1.5503224110394556,18.84332107609428,0.10507852189794509,0.7222922909203208,-7.781212955514563,0.11250357508461867,0.00277610531746314,-0.012705977452412458,0.14645194505852688,0.19681126040975544,0.08844977202187776,44.65064792767332,68.4840213843932,0.39629897125007635,-0.31555502870426777,20.720306350068576,-0.4688457670410129,-0.22511499739526164,24.00288837339569,67.88741264989665,0.2896149091027145,0.10613778340046962,-0.02352457184974658,0.15461612304480926,0.7197227946633079,0.7372565696798408,4.990052380625599,50
frc585,4,5,6,2,0,1,0,0.0,1.019707735510983,3.1603829535350054,-0.09113067353853119,2.140675218024024,0.02063653552842798,0.09660895820694483,0.48921733222706376,-7.21836447988172,0.005336713682116532,-0.14597487919644248,9.811430294294729,0.05876696423735679,0.203813569153115,0.07997491705387548,-0.18915446755173004,0.2386993146780731,0.6481040576560199,16.283576115675647,7.820711415723363,-1.44778144994853,0.5254293786236357,-9.495441321674694,0.9953317733964933,0.34370416240169566,26.23146711390237,20.786819379482196,-0.050994927586129585,-0.053583516792597694,0.15983139167629998,-0.003991102222153042,-0.43967508850756554,-0.19132542499936317,-1.2445002200705702,55
frc60,0,9,2,5,0,2,0,0.0,6.769839650187603,11.727255211560387,0.24776607444554166,4.957415561372784,-0.8013997325558768,0.6031363715896791,4.1863195576496794,9.922124937441787,-0.02239688603431464,0.3137878673156627,3.83773031280643,0.7270806111705919,0.3047706921131922,0.25685791145208686,-0.1770068703127811,-0.051288399919164326,-0.05426540638757003,91.27661902906743,105.88000893890337,2.453769163950289,1.0808270648915679,36.09997204680094,-1.4834637557298123,0.10784774355872118,54.206341574045986,121.45344138654912,0.28549895894233523,0.29363719618877854,0.24809982784777562,0.24383171813776872,0.4118608764496263,0.39878408015229816,4.681264972394228,30
frc6060,1,8,1,5,0,3,0,0.0,-0.3585311650432137,3.8377178344393585,-0.1576626835209573,4.196248999482573,0.28504786675193644,-0.09175639375528444,-0.46431344927354345,25.560230432942653,0.16445613823440797,0.16488002293904805,19.75526568698385,0.27145775467349886,-0.014777728571520349,0.14946641267240793,-0.07893938129438244,0.2775840305268282,0.22016582392453315,17.698118797287286,49.437742411289136,-1.365050843758859,2.2071452779571947,3.652249146937889,0.3878782259593423,1.9113708976364632,15.02304226814891,73.02326503685771,-0.5896611697761345,-0.4988835214086677,0.6529053695719196,0.5253437204595859,1.106097235763311,1.2094184371609222,6.179393181059203,25
frc6127,4,5,2,3,0,4,0,0.0,0.08786199328513078,2.47861574446364,-0.04375511578324341,2.3907537511785124,0.162806286941597,0.03327486306834268,-0.11887529029903221,2.384538679112735,-0.0337347986215574,0.29419559146877095,8.300666545603729,0.10261956814650464,-0.12492512709536492,-0.02108039803345873,0.3158032301532222,0.16353562830893492,0.1341206904007065,39.31125156749591,52.552886463997,-0.3304649164956392,1.768924999211892,13.341004940866053,0.9507833895038453,-1.0736001069119738,25.34992815362164,63.339183450073754,0.22913882717397116,0.5338898205258773,0.4183126882719845,0.6976087492821581,0.515366287903602,0.9399206736696332,10.857096217388342,53
frc6314,1,8,2,5,0,2,0,0.0,-0.22152618147915326,4.925406031403751,0.06622128773118863,5.146932212882906,0.6436989949281099,0.04455923316841201,-0.754462085667686,15.953991135782184,0.0369472912802198,-0.07779088152409241,6.295566159486984,0.5000905817167125,-0.05617887525252604,-0.04163674150508885,0.5713331994621608,-0.14018424937121243,-0.07773081087340764,32.68928636914326,53.60256074024936,-2.1062615078449096,-0.9307634136936552,13.484017623297731,2.32516385924503,-0.32365246889322363,18.98636639444542,64.71255349884962,0.07668424571080495,-0.07452998059966626,-0.23635284198161882,-0.3852368866479423,1.4620114348746887,1.4516235143123895,4.959283235323906,20
frc6413,3,6,1,5,1,2,0,0.0,5.438699580055241,6.372882827938064,-0.14006321392355153,0.9341832478828237,0.7312065256321061,0.12981311174204468,1.9881432643955153,18.18600102618404,-0.04653446579888239,0.4423750387982184,7.672278744267399,-0.6247535284325232,0.06933217815404577,0.35121871131501775,0.1302558437586896,-0.21747339989442005,-0.12656257620571387,-43.54533099539388,-10.965832550456991,-1.9676123425891738,3.786446564073953,-19.65493722394535,0.3356556337040769,2.6611207778312025,-22.25843706256345,3.06923932390872,-0.017942961437211608,0.36537958354743016,0.9122806864484363,1.2026039030447242,1.363358390172695,1.3107159971584184,14.393497418752858,60
frc6482,0,9,3,5,0,1,0,0.0,2.4955183324886705,8.321283785773746,0.2744363177578418,5.825765453285076,-0.09950579361444407,0.2929345637787329,1.3472649598587791,8.77270099372191,0.017170365627925174,0.10501828351010292,17.327236147320384,0.45231302214896923,0.3516215462730744,0.10664224770240593,0.12616946956418568,-0.2510999302063323,-0.03782281969100751,21.29881434726024,30.057727342297177,-0.3448385586865041,1.808359703519984,19.52095099040406,-1.9798759153051004,-1.6459121143183504,4.102577830847796,55.70644878838078,-0.3404447504752872,-0.6036129957551502,0.21725312412881806,0.38411859543078053,0.38922785507797314,0.21673680058738154,-0.013787998684940517,52
frc6518,1,8,1,3,1,4,0,0.0,3.5921372845815402,8.801045306601912,0.10874410022089637,5.208908022020375,0.3483206725561787,0.17165182964910386,1.4477479697345896,11.230402446217372,-0.05283088348962825,-0.06401225363690392,-20.66565741677111,0.08836000725236925,0.45576526846723864,-0.051857267583554426,-0.14608540793835834,0.07551074038800772,-0.011361266062575592,56.03047267921206,72.82466373930957,-0.3600362707882758,-0.5549619316748559,19.08304234624205,0.9769387920649355,3.0193502458985986,36.330527811693365,60.95639355533527,0.3107366089282886,0.33989726820454746,0.08610996331413363,0.053210145512922205,0.8354545442498871,0.7196503090585595,5.563788613880149,23
frc6530,0,9,0,3,4,2,0,0.0,-0.240202463015186,4.270090519457016,0.062260655872261095,4.5102929824722,-0.320895830344755,-0.013317430137805591,0.2007945988371619,24.044452875516193,-0.026502976596804766,1.0773408297253788,-1.4180000723570911,0.027392606058159866,0.18472438500211857,0.035660671216432994,-0.0810488851290417,0.1939971622438235,-0.14552478438362562,41.627102155428496,73.2663490843806,0.051387398034583184,1.526453827347818,8.24892177818128,-1.5112482328764594,2.671322437576941,34.83804121208912,76.10223816536647,0.01762847674726506,-0.009734737374141794,0.4910937466635069,0.4914120515603252,1.251837580281058,1.0372814965009929,7.5947940534358835,47
frc6560,2,7,1,5,2,1,0,0.0,0.2958975213655392,5.18660250915828,0.05815956672747652,4.8907049877927395,-0.5622337243450647,0.023781325883119417,0.7101824850278342,5.224437971885421,-0.09467017292561034,0.2674467044195803,1.0392036774451157,0.6564081416742671,-0.006463511639037224,-0.08764515915660237,0.026621477325090584,0.40082052680388264,0.4265158287537893,82.67709105770058,88.70508805494421,-0.23664522452052084,0.6604947165213341,47.158014497476074,-0.36773229979485744,-0.30749952964801797,36.123454084539844,94.93470226525415,-0.16184787363086528,0.16663654436367936,0.004195469390523121,-0.18045013814136057,0.12468191453525561,0.17452539884932847,0.803559025358237,24
frc6585,3,6,1,3,0,5,0,0.0,3.6541991354629406,7.4082902698917135,0.0262372584571319,3.7540911344287755,-0.056015688111829665,0.19208860912282655,1.8831152558432998,5.75814890307303,-0.03412816460715692,0.23637917188208585,10.091302421849845,0.45950162603229605,0.06091922096426876,0.015061464783211562,0.16266783071689106,0.09468481686896192,-0.0902550473981042,67.54830406319431,82.4283223009425,-0.939604272886922,2.1513959554893254,15.189213728564816,0.16717255822494947,2.990532553315242,53.13152204929143,99.9441503723081,0.22268788075801316,0.3907579787238207,0.7936550570367921,0.6333209730327529,0.8126083528286644,0.8002949151784671,9.12186933467521,32
frc6656,0,9,2,3,0,4,0,0.0,-2.0122480262999884,3.85151572854938,0.08828358440741521,5.863763754849369,0.2454478885760799,-0.11213385998009111,-1.251571901726074,10.98401533675243,0.02565843828643692,0.4424028800780557,-0.4036117818115707,0.054689528158744866,-0.1108906554500212,0.12996493175355744,0.019766644852835358,0.2944924121769612,-0.27083438672447285,36.701607438974044,51.1666746926459,0.2731164359828771,2.236719863769693,16.124129495610227,0.014070436723121416,-1.625366820065784,20.2902910706578,54.615980082941405,0.30933641879099244,0.23855323849521406,0.2560537791833661,0.19603054914139317,0.047169846169462334,0.26162659574728436,3.4810519169194563,51
frc668,1,8,2,5,0,2,0,0.0,10.68042924969906,16.048904181548135,0.39056918151170517,5.3684749318490805,0.8988768016150332,0.47100761561682847,4.441337823234496,-0.03115744671509396,0.010321316417083143,0.12689500858504443,-5.205054601321825,0.5287442558398929,0.17006107125426315,0.0710467286760442,-0.10729250099897722,0.199518034402003,0.1637979323660649,48.43823984523049,50.2317736737254,-1.5463782570361113,-0.07955825006420952,14.605571410310066,-0.494329835424135,0.4810394993597332,35.87337652738068,61.07641696412548,0.2908104124779445,0.23781733397924748,0.049523865083749646,0.055233702616565045,0.1066425744924688,0.07188721844619053,1.8246912752100148,17
frc6871,0,9,0,4,1,4,0,0.0,2.9428140839199104,7.414061088390461,0.3315602604507583,4.471247004470553,-0.7790706768640039,0.2323681403999692,2.2504777188239595,18.97731926143803,0.07702023369036118,-0.1822781640736389,4.2062915995946115,0.7944154360401705,0.26997291005667035,-0.023706474391852923,0.20775588695284164,-0.12068898928432582,-0.022377701426006272,33.03905279834994,55.91183340635423,1.8335348747985583,0.28752779700463493,-0.333165538813768,0.08277710261312027,-1.8484132279629215,31.455906359752028,67.55899330750347,0.5055389842921004,0.24887708283625076,-0.1081151526836319,-0.08878158631234649,0.5950240199384347,0.6189967727893512,3.895461346566279,10
frc6931,6,3,1,3,0,5,0,0.0,-2.75696391753249,-1.4702892794832678,-0.31917265846153264,1.2866746380492222,0.1780742988779913,-0.19833861031046246,-1.5565562576442362,10.660899369824195,0.04790016910663209,-0.13117501893438432,19.899467144245087,-0.20209949117696502,-0.23688236553085534,0.10316704482669174,0.4483869888135079,0.018661665223989127,0.6492114062999563,6.421277798607032,23.157803919986033,0.06701002997497091,-0.37401855431758924,-3.4711306393517645,-0.740121169780422,-0.49996223465105716,10.565519577764249,41.60801354119128,0.19257585705925462,0.5506676126585813,0.03156007674116246,-0.10303567569386968,0.8773459885514172,0.7674934133462459,6.075626751554789,56
frc6968,3,6,2,3,1,3,0,0.0,3.0667664856392216,5.265540611496963,0.12762479102708152,2.198774125857743,-0.415160768644643,0.20447058558741002,1.9485440114642536,16.854286904877938,0.07326085758610583,-0.18891367093681463,1.6507639012826227,0.3966366513056844,0.09749721424075655,-0.0008208089694543425,0.14462243637336225,0.09203449168866853,1.2605913561529263,45.08500694347401,68.49624259745028,-0.04466317081375426,3.3726082630753016,16.829319168208443,-1.5994932706546843,0.5241600509172023,29.899844216734,75.40772166877255,0.11663419271705935,0.18885888781656518,0.5731742082447056,0.6272383676437071,0.40500493656937,0.4952924943593965,6.5569487490983445,19
frc7059,0,9,1,5,1,2,0,0.0,1.53929093905016,7.3103405385829845,0.12251183698003534,5.771049599532826,-0.24113192370982933,0.08638886038018906,1.0107773932349091,17.37339575859371,0.027290867547927474,0.7476527144709201,6.783000808640092,0.37345347228017833,-0.08759909917481909,0.038939467549792765,0.49723503353261833,-0.11524206857425862,0.7019491498365865,62.07838070502121,91.06062432900008,3.4117125855425803,1.4491363154213461,22.10545560219536,-1.9521926419372368,-1.156587462476332,38.513405159220504,105.15266123438376,0.531145101552867,0.7603523477382655,0.2476419581957211,0.38224464013269277,1.2520388514557421,1.1791725852060848,11.608847865385215,27
frc7214,0,9,1,5,0,3,0,0.0,1.5872550930516045,6.01430179213806,0.19539667220502965,4.427046699086459,0.2704323133864606,0.10973027604971365,0.5231952331393414,16.932358206032823,-0.007461223539532491,-0.2768037778155913,10.095493537518617,0.3251247704837978,-0.18109684833390444,0.2932639222995802,0.41630657162992823,-0.1951403122622709,-0.17575943963031765,8.851868416528756,46.72195690471047,0.025519748600542735,2.097031327671784,10.431266774066312,-1.0529363091723687,0.4882259043531927,-0.5519817969657232,62.821105998785995,1.180543017662984,1.9201237856918554,0.440563198134134,0.8338831706961846,1.4843874427002786,1.4335391000417366,20.937730282148884,43
frc751,1,8,5,0,0,4,0,0.0,-4.861062040054777,-0.19186051567398044,-0.18976859365321397,4.669201524380795,-0.013729226341858327,-0.31099898571026185,-2.41680179368553,-6.252245691934951,-0.0435713080621535,0.004661411237878041,-0.6406936714656215,0.11122045182475512,0.04778272851356499,0.22226754802157828,0.011846171796674881,0.05143688500151572,-0.04618890513779398,54.48239324395584,56.395390172828414,2.5569493384252486,3.012008723127178,13.751016704654798,2.626894935076545,-0.5550406204819792,35.547532265799255,55.56194653359511,0.6864226241909874,0.7553596159559568,0.5789436321577275,0.4968637237527681,0.33250682992747316,0.38082518445277913,8.16524262080752,49
frc8,1,8,3,3,0,3,0,0.0,12.405673928690941,17.575000013947808,0.6389344663843317,5.169326085256866,0.4785403917111669,0.6280406196108703,5.724296572634303,10.291939463909747,0.038718682005247446,0.30408388611948445,4.138931706912658,1.3099548601041429,-0.021132920694377916,0.1466245485490502,0.22321158664326357,-0.015369881164602764,0.6922548659385174,98.62136514800213,115.10975319508483,3.1417132602345053,-0.43771234623929595,41.770945343608396,1.9241697420699744,-2.1168712986926126,51.78453680208924,136.8277897112614,0.816031477237781,0.661867524988188,-0.17385370668308742,0.20123698537185047,0.3591741548049975,0.37618520627455193,6.19644858317295,8
frc842,0,9,0,2,7,0,0,0.0,15.614213927065165,20.411477137166564,0.4359189261652383,4.797263210101396,-0.025386228879502426,0.6656862255443803,7.8324931924120875,26.87715664384104,0.019454703580097148,0.3412539938442206,10.336680610656375,1.1643436207942996,-0.14442379260174681,0.0889862297232437,0.3565973774296035,0.03217351878223315,0.5758595465416099,109.25591170904127,142.1734450456165,1.341550974256057,-1.1075543339696963,49.68892115803696,1.9118997372343915,1.2630145578835943,56.3135398395138,172.9274534530338,0.4181281657244429,0.45247080054630107,-0.18008777007045113,-0.1620240703638775,0.6801766437752224,0.9176286083644284,6.040376692734256,4
frc987,1,8,0,3,6,0,0,0.0,8.72904067341633,13.845445328864553,0.37123704146206027,5.116404655448226,0.10600097514202679,0.401807346152519,4.258519361566138,25.162239955226916,-0.07515443872093727,-0.016267282286781787,7.711682892134394,0.8559200593759319,0.12768576369712104,0.5606081542042288,-0.3653038722290864,0.010343287661070372,0.1173710064304088,66.34136217128533,99.93365952313161,1.7833143324573624,0.3238973720191103,32.12100361733219,0.3188600401769068,0.8238458114201594,32.1181841813189,121.47878351656323,-0.03653949267341999,-0.16823920400803388,0.5231534204640949,0.6080187986739317,1.214423060331398,1.2462318846579727,8.430057396619352,12
frc991,2,7,2,6,0,1,0,0.0,0.8811151232269807,4.787248722053835,-0.14809506994672325,3.906133598826857,-0.27942037651866874,-0.0048353485118710245,0.7199779381321589,7.753473415065084,-0.034529906935011435,0.20306682578748625,0.7163014489073163,0.533025080662384,0.06256131223944146,0.13236129048782036,-0.1459670140402756,0.284377744646347,-0.36560036202874574,99.39385353760633,115.397600577075,1.8517811509888413,0.31825944262208306,33.53365111934938,5.286856347154721,0.4680512892105766,58.72156492011344,120.90897998797008,0.9674703387937611,1.0447308401228779,0.021179580808098685,0.19688068189076113,0.3155089523330717,0.4084432028670693,8.250273624403542,35
frc996,0,9,2,4,0,3,0,0.0,0.33317019559202155,4.486437206861664,0.1590522008280345,4.153267011269644,-0.7317685809836765,0.1367577208021587,0.8983536787796875,8.590826349208271,-0.14940926468662674,0.1796871689557982,13.510127478694947,-0.11527185272211024,0.29241340802201243,-0.1085289221318275,0.14155605900254647,0.00789278844060224,0.6967478841487097,14.160059586300486,29.52632628216349,-1.0530460718357628,0.7051465883295599,-13.361029161011727,0.057280368196400755,0.2730320289585058,28.51685445095157,47.53854262749553,-0.15909217254027053,-0.18051665858872032,0.1584926716129931,0.22906806413459546,1.1657844059725262,1.306536663785073,6.7754403466547375,44
